profession,log_value
अभिनेत्री,0.2129153018249883
अध्यापिका,0.46132339235787506
घरेलू सहायिका,0.6334841628959276
नौकरानी,0.1529411764705883
धुलाईवाली,0.0
आया,0.7241379310344828
महिला खिलाड़ी,-0.6423357664233575
नर्तकी,-0.9012947448591011
अध्यक्षा,-0.9004137931034483
गायिका,-0.9831759656652359
सेविका,0.6590473381507153
मालकिन,0.954382657869934
