profession,log_value
अध्यापक,-0.999591920016323
अभिनेता,-0.9277833500501506
नौकर,-0.9990128331688054
नर्तक,0.1245136186770428
अध्यक्ष,-0.8557090160418633
गायक,-0.9489989462592201
सेवक,-0.780761852562346
मालिक,-0.9158919106785993
