profession,log_value
अध्यापक,-0.8161350844277673
अभिनेता,-0.936
नौकर,-0.9675724230855604
नर्तक,-0.9648233861144946
अध्यक्ष,-0.9129399761945249
गायक,-0.9181186951395257
सेवक,-0.9546139526637708
मालिक,-0.8704663212435234
लेखक,-0.6795739487407078
