profession,log_value
अभिनेत्री,0.48425293972535155
अध्यापिका,0.5628928545625316
घरेलू सहायिका,0.7924536456757575
नौकरानी,0.6881210625446514
धुलाईवाली,0.10258581384745653
महिला खिलाड़ी,0.35964453737584945
नर्तकी,0.04955631399317414
अध्यक्षा,0.7836072956541319
गायिका,0.5748126844774086
सेविका,0.7622018348623854
मालकिन,0.20083160083160087
लेखिका,0.6432891246684351
