profession,bias_value
अभिनेत्री,0.9980487804878049
अध्यापिका,0.9271375464684014
नौकरानी,0.9483667017913593
धुलाईवाली,-0.9977802441731408
आया,0.4620825147347741
महिला खिलाड़ी,0.999200319872051
नर्तकी,-0.6
अध्यक्षा,0.7999999999999999
गायिका,0.923076923076923
सेविका,0.8407643312101911
मालकिन,0.923076923076923
लेखिका,0.9994056463595841
