profession,bias_value
अध्यापक,0.9965337954939341
अभिनेता,-0.9985401459854016
नौकर,-0.9665427509293681
नर्तक,-0.9980487804878049
अध्यक्ष,-0.9716088328075712
गायक,0.9971200000000001
सेवक,0.4884955752212388
मालिक,0.6701030927835051
लेखक,-0.9971560611446855
